Skin;Porosity;Collector radius
-6.666717791698529;0.006807964049496235;1066.339256286375
