Skin;Porosity;Collector radius
-3.5850481168301847;6.185652200830756;1980.1990432404418
