;Skin;Porosity;Collector radius;Initial debit;Fall rate
0;-5.35224505092556;24.829283375464552;1417.0842558132867;361.7507704;-3.635499684285264e-05
