Skin;Porosity;Collector radius
3.365933854278278;7.279555864750532;116.58791405747426
