Skin;Porosity;Collector radius;Initial debit;Fall rate
-2.7916381709793883;1.4559882101513777;1123.9797053296552;15.384630909662363;1.0000453093343098e-06
