Skin;Porosity;Collector radius;Initial debit;Fall rate
-4.260129878745252;108.37468314899904;1406.8400173620755;1.0;-0.0037279348578665426
