Skin;Porosity;Collector radius;Initial debit;Fall rate
6.540916675759473;21.08120395608474;227.49086481969132;11.75880546;0.0001
