Skin;Porosity;Collector radius
8.324673960493726;0.17999325802661303;1769.4709485564586
