Skin;Porosity;Collector radius
0.5276458384790833;7.028303837795027;1408.1358961865274
