Skin;Porosity;Collector radius;Initial debit;Fall rate
0.45970754821213716;2.4352180020482135;1094.8160107884883;14.4050106;0.00038193730193341485
