Skin;Porosity;Collector radius;Initial debit;Fall rate
1.1260395546084703;41.14815896374627;1931.1581346786315;1.0;0.00031535573335223253
